zip,Zipcode name,City,State,County Name,population
32024,"""LAKE CITY. FL""",LAKE CITY,FL,COLUMBIA,12329
32025,"""LAKE CITY. FL""",LAKE CITY,FL,COLUMBIA,12329
32034,"""FERNANDINA BEACH. FL""",FERNANDINA BEACH,FL,NASSAU,13052
32035,"""FERNANDINA BEACH. FL""",FERNANDINA BEACH,FL,NASSAU,13052
32043,"""GREEN COVE SPRINGS. FL""",GREEN COVE SPRINGS,FL,CLAY,9786
32044,"""HAMPTON. FL""",HAMPTON,FL,BRADFORD,432
32052,"""JASPER. FL""",JASPER,FL,HAMILTON,3621
32054,"""LAKE BUTLER. FL""",LAKE BUTLER,FL,UNION,1986
32055,"""LAKE CITY. FL""",LAKE CITY,FL,COLUMBIA,12329
32056,"""LAKE CITY. FL""",LAKE CITY,FL,COLUMBIA,12329
32058,"""LAWTEY. FL""",LAWTEY,FL,BRADFORD,636
32060,"""LIVE OAK. FL""",LIVE OAK,FL,SUWANNEE,6735
32063,"""MACCLENNY. FL""",MACCLENNY,FL,BAKER,7304
32064,"""LIVE OAK. FL""",LIVE OAK,FL,SUWANNEE,6735
32091,"""STARKE. FL""",STARKE,FL,BRADFORD,5796
32099,"""JACKSONVILLE. FL""",JACKSONVILLE,FL,DUVAL,949611
32110,"""BUNNELL. FL""",BUNNELL,FL,FLAGLER,3276
32112,"""CRESCENT CITY. FL""",CRESCENT CITY,FL,PUTNAM,1654
32114,"""DAYTONA BEACH. FL""",DAYTONA BEACH,FL,VOLUSIA,72647
32115,"""DAYTONA BEACH. FL""",DAYTONA BEACH,FL,VOLUSIA,72647
32116,"""DAYTONA BEACH. FL""",DAYTONA BEACH,FL,VOLUSIA,72647
32117,"""DAYTONA BEACH. FL""",DAYTONA BEACH,FL,VOLUSIA,72647
32118,"""DAYTONA BEACH. FL""",DAYTONA BEACH,FL,VOLUSIA,72647
32119,"""DAYTONA BEACH. FL""",DAYTONA BEACH,FL,VOLUSIA,72647
32120,"""DAYTONA BEACH. FL""",DAYTONA BEACH,FL,VOLUSIA,72647
32121,"""DAYTONA BEACH. FL""",DAYTONA BEACH,FL,VOLUSIA,72647
32122,"""DAYTONA BEACH. FL""",DAYTONA BEACH,FL,VOLUSIA,72647
32123,"""PORT ORANGE. FL""",PORT ORANGE,FL,VOLUSIA,62596
32124,"""DAYTONA BEACH. FL""",DAYTONA BEACH,FL,VOLUSIA,72647
32125,"""DAYTONA BEACH. FL""",DAYTONA BEACH,FL,VOLUSIA,72647
32126,"""DAYTONA BEACH. FL""",DAYTONA BEACH,FL,VOLUSIA,72647
32127,"""PORT ORANGE. FL""",PORT ORANGE,FL,VOLUSIA,62596
32128,"""PORT ORANGE. FL""",PORT ORANGE,FL,VOLUSIA,62596
32129,"""PORT ORANGE. FL""",PORT ORANGE,FL,VOLUSIA,62596
32132,"""EDGEWATER. FL""",EDGEWATER,FL,VOLUSIA,23097
32135,"""PALM COAST. FL""",PALM COAST,FL,FLAGLER,89258
32136,"""FLAGLER BEACH. FL""",FLAGLER BEACH,FL,FLAGLER,5160
32137,"""PALM COAST. FL""",PALM COAST,FL,FLAGLER,89258
32141,"""EDGEWATER. FL""",EDGEWATER,FL,VOLUSIA,23097
32164,"""PALM COAST. FL""",PALM COAST,FL,FLAGLER,89258
32168,"""NEW SMYRNA BEACH. FL""",NEW SMYRNA BEACH,FL,VOLUSIA,30142
32169,"""NEW SMYRNA BEACH. FL""",NEW SMYRNA BEACH,FL,VOLUSIA,30142
32170,"""NEW SMYRNA BEACH. FL""",NEW SMYRNA BEACH,FL,VOLUSIA,30142
32173,"""ORMOND BEACH. FL""",ORMOND BEACH,FL,VOLUSIA,43080
32174,"""ORMOND BEACH. FL""",ORMOND BEACH,FL,VOLUSIA,43080
32175,"""ORMOND BEACH. FL""",ORMOND BEACH,FL,VOLUSIA,43080
32176,"""ORMOND BEACH. FL""",ORMOND BEACH,FL,VOLUSIA,43080
32177,"""PALATKA. FL""",PALATKA,FL,PUTNAM,10446
32178,"""PALATKA. FL""",PALATKA,FL,PUTNAM,10446
32201,"""JACKSONVILLE. FL""",JACKSONVILLE,FL,DUVAL,949611
32202,"""JACKSONVILLE. FL""",JACKSONVILLE,FL,DUVAL,949611
32203,"""JACKSONVILLE. FL""",JACKSONVILLE,FL,DUVAL,949611
32204,"""JACKSONVILLE. FL""",JACKSONVILLE,FL,DUVAL,949611
32205,"""JACKSONVILLE. FL""",JACKSONVILLE,FL,DUVAL,949611
32206,"""JACKSONVILLE. FL""",JACKSONVILLE,FL,DUVAL,949611
32207,"""JACKSONVILLE. FL""",JACKSONVILLE,FL,DUVAL,949611
32208,"""JACKSONVILLE. FL""",JACKSONVILLE,FL,DUVAL,949611
32209,"""JACKSONVILLE. FL""",JACKSONVILLE,FL,DUVAL,949611
32210,"""JACKSONVILLE. FL""",JACKSONVILLE,FL,DUVAL,949611
32211,"""JACKSONVILLE. FL""",JACKSONVILLE,FL,DUVAL,949611
32212,"""JACKSONVILLE. FL""",JACKSONVILLE,FL,DUVAL,949611
32214,"""JACKSONVILLE. FL""",JACKSONVILLE,FL,DUVAL,949611
32216,"""JACKSONVILLE. FL""",JACKSONVILLE,FL,DUVAL,949611
32217,"""JACKSONVILLE. FL""",JACKSONVILLE,FL,DUVAL,949611
32218,"""JACKSONVILLE. FL""",JACKSONVILLE,FL,DUVAL,949611
32219,"""JACKSONVILLE. FL""",JACKSONVILLE,FL,DUVAL,949611
32220,"""JACKSONVILLE. FL""",JACKSONVILLE,FL,DUVAL,949611
32221,"""JACKSONVILLE. FL""",JACKSONVILLE,FL,DUVAL,949611
32222,"""JACKSONVILLE. FL""",JACKSONVILLE,FL,DUVAL,949611
32223,"""JACKSONVILLE. FL""",JACKSONVILLE,FL,DUVAL,949611
32224,"""JACKSONVILLE. FL""",JACKSONVILLE,FL,DUVAL,949611
32225,"""JACKSONVILLE. FL""",JACKSONVILLE,FL,DUVAL,949611
32226,"""JACKSONVILLE. FL""",JACKSONVILLE,FL,DUVAL,949611
32227,"""JACKSONVILLE. FL""",JACKSONVILLE,FL,DUVAL,949611
32228,"""JACKSONVILLE. FL""",JACKSONVILLE,FL,DUVAL,949611
32229,"""JACKSONVILLE. FL""",JACKSONVILLE,FL,DUVAL,949611
32231,"""JACKSONVILLE. FL""",JACKSONVILLE,FL,DUVAL,949611
32233,"""ATLANTIC BEACH. FL""",ATLANTIC BEACH,FL,DUVAL,13513
32234,"""JACKSONVILLE. FL""",JACKSONVILLE,FL,DUVAL,949611
32235,"""JACKSONVILLE. FL""",JACKSONVILLE,FL,DUVAL,949611
32236,"""JACKSONVILLE. FL""",JACKSONVILLE,FL,DUVAL,949611
32237,"""JACKSONVILLE. FL""",JACKSONVILLE,FL,DUVAL,949611
32238,"""JACKSONVILLE. FL""",JACKSONVILLE,FL,DUVAL,949611
32239,"""JACKSONVILLE. FL""",JACKSONVILLE,FL,DUVAL,949611
32240,"""JACKSONVILLE BEACH. FL""",JACKSONVILLE BEACH,FL,DUVAL,23830
32241,"""JACKSONVILLE. FL""",JACKSONVILLE,FL,DUVAL,949611
32244,"""JACKSONVILLE. FL""",JACKSONVILLE,FL,DUVAL,949611
32245,"""JACKSONVILLE. FL""",JACKSONVILLE,FL,DUVAL,949611
32246,"""JACKSONVILLE. FL""",JACKSONVILLE,FL,DUVAL,949611
32247,"""JACKSONVILLE. FL""",JACKSONVILLE,FL,DUVAL,949611
32250,"""JACKSONVILLE BEACH. FL""",JACKSONVILLE BEACH,FL,DUVAL,23830
32254,"""JACKSONVILLE. FL""",JACKSONVILLE,FL,DUVAL,949611
32255,"""JACKSONVILLE. FL""",JACKSONVILLE,FL,DUVAL,949611
32256,"""JACKSONVILLE. FL""",JACKSONVILLE,FL,DUVAL,949611
32257,"""JACKSONVILLE. FL""",JACKSONVILLE,FL,DUVAL,949611
32258,"""JACKSONVILLE. FL""",JACKSONVILLE,FL,DUVAL,949611
32260,"""JACKSONVILLE. FL""",JACKSONVILLE,FL,SAINT JOHNS,949611
32266,"""NEPTUNE BEACH. FL""",NEPTUNE BEACH,FL,DUVAL,7217
32277,"""JACKSONVILLE. FL""",JACKSONVILLE,FL,DUVAL,949611
32301,"""TALLAHASSEE. FL""",TALLAHASSEE,FL,LEON,196169
32302,"""TALLAHASSEE. FL""",TALLAHASSEE,FL,LEON,196169
32303,"""TALLAHASSEE. FL""",TALLAHASSEE,FL,LEON,196169
32304,"""TALLAHASSEE. FL""",TALLAHASSEE,FL,LEON,196169
32305,"""TALLAHASSEE. FL""",TALLAHASSEE,FL,LEON,196169
32306,"""TALLAHASSEE. FL""",TALLAHASSEE,FL,LEON,196169
32307,"""TALLAHASSEE. FL""",TALLAHASSEE,FL,LEON,196169
32308,"""TALLAHASSEE. FL""",TALLAHASSEE,FL,LEON,196169
32309,"""TALLAHASSEE. FL""",TALLAHASSEE,FL,LEON,196169
32310,"""TALLAHASSEE. FL""",TALLAHASSEE,FL,LEON,196169
32311,"""TALLAHASSEE. FL""",TALLAHASSEE,FL,LEON,196169
32312,"""TALLAHASSEE. FL""",TALLAHASSEE,FL,LEON,196169
32313,"""TALLAHASSEE. FL""",TALLAHASSEE,FL,LEON,196169
32314,"""TALLAHASSEE. FL""",TALLAHASSEE,FL,LEON,196169
32315,"""TALLAHASSEE. FL""",TALLAHASSEE,FL,LEON,196169
32316,"""TALLAHASSEE. FL""",TALLAHASSEE,FL,LEON,196169
32317,"""TALLAHASSEE. FL""",TALLAHASSEE,FL,LEON,196169
32318,"""TALLAHASSEE. FL""",TALLAHASSEE,FL,LEON,196169
32320,"""APALACHICOLA. FL""",APALACHICOLA,FL,FRANKLIN,2341
32321,"""BRISTOL. FL""",BRISTOL,FL,LIBERTY,918
32322,"""CARRABELLE. FL""",CARRABELLE,FL,FRANKLIN,2606
32324,"""CHATTAHOOCHEE. FL""",CHATTAHOOCHEE,FL,GADSDEN,2955
32329,"""APALACHICOLA. FL""",APALACHICOLA,FL,FRANKLIN,2341
32332,"""GRETNA. FL""",GRETNA,FL,GADSDEN,1357
32340,"""MADISON. FL""",MADISON,FL,MADISON,2912
32341,"""MADISON. FL""",MADISON,FL,MADISON,2912
32343,"""MIDWAY. FL""",MIDWAY,FL,GADSDEN,3537
32344,"""MONTICELLO. FL""",MONTICELLO,FL,JEFFERSON,2589
32345,"""MONTICELLO. FL""",MONTICELLO,FL,JEFFERSON,2589
32347,"""PERRY. FL""",PERRY,FL,TAYLOR,6898
32348,"""PERRY. FL""",PERRY,FL,TAYLOR,6898
32351,"""QUINCY. FL""",QUINCY,FL,GADSDEN,7970
32352,"""QUINCY. FL""",QUINCY,FL,GADSDEN,7970
32353,"""QUINCY. FL""",QUINCY,FL,GADSDEN,7970
32358,"""SOPCHOPPY. FL""",SOPCHOPPY,FL,WAKULLA,426
32399,"""TALLAHASSEE. FL""",TALLAHASSEE,FL,LEON,196169
32401,"""PANAMA CITY. FL""",PANAMA CITY,FL,BAY,32939
32402,"""PANAMA CITY. FL""",PANAMA CITY,FL,BAY,32939
32403,"""PANAMA CITY. FL""",PANAMA CITY,FL,BAY,32939
32404,"""PANAMA CITY. FL""",PANAMA CITY,FL,BAY,32939
32405,"""PANAMA CITY. FL""",PANAMA CITY,FL,BAY,32939
32406,"""PANAMA CITY. FL""",PANAMA CITY,FL,BAY,32939
32407,"""PANAMA CITY BEACH. FL""",PANAMA CITY BEACH,FL,BAY,18094
32408,"""PANAMA CITY. FL""",PANAMA CITY,FL,BAY,32939
32409,"""PANAMA CITY. FL""",PANAMA CITY,FL,BAY,32939
32410,"""MEXICO BEACH. FL""",MEXICO BEACH,FL,BAY,916
32411,"""PANAMA CITY. FL""",PANAMA CITY,FL,BAY,32939
32412,"""PANAMA CITY. FL""",PANAMA CITY,FL,BAY,32939
32413,"""PANAMA CITY BEACH. FL""",PANAMA CITY BEACH,FL,BAY,18094
32417,"""PANAMA CITY. FL""",PANAMA CITY,FL,BAY,32939
32424,"""BLOUNTSTOWN. FL""",BLOUNTSTOWN,FL,CALHOUN,2266
32425,"""BONIFAY. FL""",BONIFAY,FL,HOLMES,2759
32428,"""CHIPLEY. FL""",CHIPLEY,FL,WASHINGTON,3660
32433,"""DEFUNIAK SPRINGS. FL""",DEFUNIAK SPRINGS,FL,WALTON,5919
32435,"""DEFUNIAK SPRINGS. FL""",DEFUNIAK SPRINGS,FL,WALTON,5919
32439,"""FREEPORT. FL""",FREEPORT,FL,WALTON,5861
32440,"""GRACEVILLE. FL""",GRACEVILLE,FL,JACKSON,2153
32444,"""LYNN HAVEN. FL""",LYNN HAVEN,FL,BAY,18695
32446,"""MARIANNA. FL""",MARIANNA,FL,JACKSON,6245
32447,"""MARIANNA. FL""",MARIANNA,FL,JACKSON,6245
32448,"""MARIANNA. FL""",MARIANNA,FL,JACKSON,6245
32449,"""WEWAHITCHKA. FL""",WEWAHITCHKA,FL,CALHOUN,2074
32462,"""VERNON. FL""",VERNON,FL,WASHINGTON,732
32465,"""WEWAHITCHKA. FL""",WEWAHITCHKA,FL,GULF,2074
32501,"""PENSACOLA. FL""",PENSACOLA,FL,ESCAMBIA,54312
32502,"""PENSACOLA. FL""",PENSACOLA,FL,ESCAMBIA,54312
32503,"""PENSACOLA. FL""",PENSACOLA,FL,ESCAMBIA,54312
32504,"""PENSACOLA. FL""",PENSACOLA,FL,ESCAMBIA,54312
32505,"""PENSACOLA. FL""",PENSACOLA,FL,ESCAMBIA,54312
32506,"""PENSACOLA. FL""",PENSACOLA,FL,ESCAMBIA,54312
32507,"""PENSACOLA. FL""",PENSACOLA,FL,ESCAMBIA,54312
32508,"""PENSACOLA. FL""",PENSACOLA,FL,ESCAMBIA,54312
32509,"""PENSACOLA. FL""",PENSACOLA,FL,ESCAMBIA,54312
32511,"""PENSACOLA. FL""",PENSACOLA,FL,ESCAMBIA,54312
32512,"""PENSACOLA. FL""",PENSACOLA,FL,ESCAMBIA,54312
32513,"""PENSACOLA. FL""",PENSACOLA,FL,ESCAMBIA,54312
32514,"""PENSACOLA. FL""",PENSACOLA,FL,ESCAMBIA,54312
32516,"""PENSACOLA. FL""",PENSACOLA,FL,ESCAMBIA,54312
32520,"""PENSACOLA. FL""",PENSACOLA,FL,ESCAMBIA,54312
32521,"""PENSACOLA. FL""",PENSACOLA,FL,ESCAMBIA,54312
32522,"""PENSACOLA. FL""",PENSACOLA,FL,ESCAMBIA,54312
32523,"""PENSACOLA. FL""",PENSACOLA,FL,ESCAMBIA,54312
32524,"""PENSACOLA. FL""",PENSACOLA,FL,ESCAMBIA,54312
32526,"""PENSACOLA. FL""",PENSACOLA,FL,ESCAMBIA,54312
32534,"""PENSACOLA. FL""",PENSACOLA,FL,ESCAMBIA,54312
32536,"""CRESTVIEW. FL""",CRESTVIEW,FL,OKALOOSA,27134
32539,"""CRESTVIEW. FL""",CRESTVIEW,FL,OKALOOSA,27134
32540,"""DESTIN. FL""",DESTIN,FL,OKALOOSA,13931
32541,"""DESTIN. FL""",DESTIN,FL,OKALOOSA,13931
32547,"""FORT WALTON BEACH. FL""",FORT WALTON BEACH,FL,OKALOOSA,20922
32548,"""FORT WALTON BEACH. FL""",FORT WALTON BEACH,FL,OKALOOSA,20922
32549,"""FORT WALTON BEACH. FL""",FORT WALTON BEACH,FL,OKALOOSA,20922
32561,"""GULF BREEZE. FL""",GULF BREEZE,FL,SANTA ROSA,6302
32562,"""GULF BREEZE. FL""",GULF BREEZE,FL,SANTA ROSA,6302
32563,"""GULF BREEZE. FL""",GULF BREEZE,FL,SANTA ROSA,6302
32567,"""LAUREL HILL. FL""",LAUREL HILL,FL,OKALOOSA,584
32569,"""MARY ESTHER. FL""",MARY ESTHER,FL,OKALOOSA,3982
32570,"""MILTON. FL""",MILTON,FL,SANTA ROSA,10197
32571,"""MILTON. FL""",MILTON,FL,SANTA ROSA,10197
32572,"""MILTON. FL""",MILTON,FL,SANTA ROSA,10197
32578,"""NICEVILLE. FL""",NICEVILLE,FL,OKALOOSA,15772
32580,"""VALPARAISO. FL""",VALPARAISO,FL,OKALOOSA,4752
32583,"""MILTON. FL""",MILTON,FL,SANTA ROSA,10197
32588,"""NICEVILLE. FL""",NICEVILLE,FL,OKALOOSA,15772
32591,"""PENSACOLA. FL""",PENSACOLA,FL,ESCAMBIA,54312
32601,"""GAINESVILLE. FL""",GAINESVILLE,FL,ALACHUA,141085
32602,"""GAINESVILLE. FL""",GAINESVILLE,FL,ALACHUA,141085
32603,"""GAINESVILLE. FL""",GAINESVILLE,FL,ALACHUA,141085
32604,"""GAINESVILLE. FL""",GAINESVILLE,FL,ALACHUA,141085
32605,"""GAINESVILLE. FL""",GAINESVILLE,FL,ALACHUA,141085
32606,"""GAINESVILLE. FL""",GAINESVILLE,FL,ALACHUA,141085
32607,"""GAINESVILLE. FL""",GAINESVILLE,FL,ALACHUA,141085
32608,"""GAINESVILLE. FL""",GAINESVILLE,FL,ALACHUA,141085
32609,"""GAINESVILLE. FL""",GAINESVILLE,FL,ALACHUA,141085
32610,"""GAINESVILLE. FL""",GAINESVILLE,FL,ALACHUA,141085
32611,"""GAINESVILLE. FL""",GAINESVILLE,FL,ALACHUA,141085
32614,"""GAINESVILLE. FL""",GAINESVILLE,FL,ALACHUA,141085
32615,"""ALACHUA. FL""",ALACHUA,FL,ALACHUA,10574
32616,"""ALACHUA. FL""",ALACHUA,FL,ALACHUA,10574
32618,"""ARCHER. FL""",ARCHER,FL,ALACHUA,1140
32625,"""CEDAR KEY. FL""",CEDAR KEY,FL,LEVY,687
32626,"""CHIEFLAND. FL""",CHIEFLAND,FL,LEVY,2316
32627,"""GAINESVILLE. FL""",GAINESVILLE,FL,ALACHUA,141085
32635,"""GAINESVILLE. FL""",GAINESVILLE,FL,ALACHUA,141085
32640,"""HAWTHORNE. FL""",HAWTHORNE,FL,ALACHUA,1478
32641,"""GAINESVILLE. FL""",GAINESVILLE,FL,ALACHUA,141085
32643,"""HIGH SPRINGS. FL""",HIGH SPRINGS,FL,ALACHUA,6215
32644,"""CHIEFLAND. FL""",CHIEFLAND,FL,LEVY,2316
32653,"""GAINESVILLE. FL""",GAINESVILLE,FL,ALACHUA,141085
32655,"""HIGH SPRINGS. FL""",HIGH SPRINGS,FL,ALACHUA,6215
32656,"""KEYSTONE HEIGHTS. FL""",KEYSTONE HEIGHTS,FL,CLAY,1446
32669,"""NEWBERRY. FL""",NEWBERRY,FL,ALACHUA,7342
32693,"""TRENTON. FL""",TRENTON,FL,GILCHRIST,2015
32694,"""WALDO. FL""",WALDO,FL,ALACHUA,846
32696,"""WILLISTON. FL""",WILLISTON,FL,LEVY,2976
32701,"""ALTAMONTE SPRINGS. FL""",ALTAMONTE SPRINGS,FL,SEMINOLE,46231
32703,"""APOPKA. FL""",APOPKA,FL,ORANGE,54873
32704,"""APOPKA. FL""",APOPKA,FL,ORANGE,54873
32707,"""CASSELBERRY. FL""",CASSELBERRY,FL,SEMINOLE,28794
32708,"""WINTER SPRINGS. FL""",WINTER SPRINGS,FL,SEMINOLE,38342
32712,"""APOPKA. FL""",APOPKA,FL,ORANGE,54873
32713,"""DEBARY. FL""",DEBARY,FL,VOLUSIA,22260
32714,"""ALTAMONTE SPRINGS. FL""",ALTAMONTE SPRINGS,FL,SEMINOLE,46231
32715,"""ALTAMONTE SPRINGS. FL""",ALTAMONTE SPRINGS,FL,SEMINOLE,46231
32716,"""ALTAMONTE SPRINGS. FL""",ALTAMONTE SPRINGS,FL,SEMINOLE,46231
32718,"""CASSELBERRY. FL""",CASSELBERRY,FL,SEMINOLE,28794
32719,"""WINTER SPRINGS. FL""",WINTER SPRINGS,FL,SEMINOLE,38342
32720,"""DELAND. FL""",DELAND,FL,VOLUSIA,37351
32721,"""DELAND. FL""",DELAND,FL,VOLUSIA,37351
32723,"""DELAND. FL""",DELAND,FL,VOLUSIA,37351
32724,"""DELAND. FL""",DELAND,FL,VOLUSIA,37351
32725,"""DELTONA. FL""",DELTONA,FL,VOLUSIA,93692
32726,"""EUSTIS. FL""",EUSTIS,FL,LAKE,23189
32727,"""EUSTIS. FL""",EUSTIS,FL,LAKE,23189
32728,"""DELTONA. FL""",DELTONA,FL,VOLUSIA,93692
32730,"""CASSELBERRY. FL""",CASSELBERRY,FL,SEMINOLE,28794
32736,"""EUSTIS. FL""",EUSTIS,FL,LAKE,23189
32738,"""DELTONA. FL""",DELTONA,FL,VOLUSIA,93692
32739,"""DELTONA. FL""",DELTONA,FL,VOLUSIA,93692
32744,"""LAKE HELEN. FL""",LAKE HELEN,FL,VOLUSIA,2842
32746,"""LAKE MARY. FL""",LAKE MARY,FL,SEMINOLE,16798
32750,"""LONGWOOD. FL""",LONGWOOD,FL,SEMINOLE,15087
32751,"""MAITLAND. FL""",MAITLAND,FL,ORANGE,19543
32752,"""LONGWOOD. FL""",LONGWOOD,FL,SEMINOLE,15087
32753,"""DEBARY. FL""",DEBARY,FL,VOLUSIA,22260
32756,"""MOUNT DORA. FL""",MOUNT DORA,FL,LAKE,16341
32757,"""MOUNT DORA. FL""",MOUNT DORA,FL,LAKE,16341
32759,"""OAK HILL. FL""",OAK HILL,FL,VOLUSIA,1986
32762,"""OVIEDO. FL""",OVIEDO,FL,SEMINOLE,40059
32763,"""ORANGE CITY. FL""",ORANGE CITY,FL,VOLUSIA,12632
32765,"""OVIEDO. FL""",OVIEDO,FL,SEMINOLE,40059
32766,"""OVIEDO. FL""",OVIEDO,FL,SEMINOLE,40059
32771,"""SANFORD. FL""",SANFORD,FL,SEMINOLE,61051
32772,"""SANFORD. FL""",SANFORD,FL,SEMINOLE,61051
32773,"""SANFORD. FL""",SANFORD,FL,SEMINOLE,61051
32774,"""ORANGE CITY. FL""",ORANGE CITY,FL,VOLUSIA,12632
32778,"""TAVARES. FL""",TAVARES,FL,LAKE,19003
32779,"""LONGWOOD. FL""",LONGWOOD,FL,SEMINOLE,15087
32780,"""TITUSVILLE. FL""",TITUSVILLE,FL,BREVARD,48789
32781,"""TITUSVILLE. FL""",TITUSVILLE,FL,BREVARD,48789
32783,"""TITUSVILLE. FL""",TITUSVILLE,FL,BREVARD,48789
32784,"""UMATILLA. FL""",UMATILLA,FL,LAKE,3685
32789,"""WINTER PARK. FL""",WINTER PARK,FL,ORANGE,29795
32790,"""WINTER PARK. FL""",WINTER PARK,FL,ORANGE,29795
32791,"""LONGWOOD. FL""",LONGWOOD,FL,SEMINOLE,15087
32792,"""WINTER PARK. FL""",WINTER PARK,FL,ORANGE,29795
32793,"""WINTER PARK. FL""",WINTER PARK,FL,ORANGE,29795
32794,"""MAITLAND. FL""",MAITLAND,FL,ORANGE,19543
32795,"""LAKE MARY. FL""",LAKE MARY,FL,SEMINOLE,16798
32796,"""TITUSVILLE. FL""",TITUSVILLE,FL,BREVARD,48789
32801,"""ORLANDO. FL""",ORLANDO,FL,ORANGE,307573
32802,"""ORLANDO. FL""",ORLANDO,FL,ORANGE,307573
32803,"""ORLANDO. FL""",ORLANDO,FL,ORANGE,307573
32804,"""ORLANDO. FL""",ORLANDO,FL,ORANGE,307573
32805,"""ORLANDO. FL""",ORLANDO,FL,ORANGE,307573
32806,"""ORLANDO. FL""",ORLANDO,FL,ORANGE,307573
32807,"""ORLANDO. FL""",ORLANDO,FL,ORANGE,307573
32808,"""ORLANDO. FL""",ORLANDO,FL,ORANGE,307573
32809,"""ORLANDO. FL""",ORLANDO,FL,ORANGE,307573
32810,"""ORLANDO. FL""",ORLANDO,FL,ORANGE,307573
32811,"""ORLANDO. FL""",ORLANDO,FL,ORANGE,307573
32812,"""ORLANDO. FL""",ORLANDO,FL,ORANGE,307573
32814,"""ORLANDO. FL""",ORLANDO,FL,ORANGE,307573
32815,"""ORLANDO. FL""",ORLANDO,FL,BREVARD,307573
32816,"""ORLANDO. FL""",ORLANDO,FL,ORANGE,307573
32817,"""ORLANDO. FL""",ORLANDO,FL,ORANGE,307573
32818,"""ORLANDO. FL""",ORLANDO,FL,ORANGE,307573
32819,"""ORLANDO. FL""",ORLANDO,FL,ORANGE,307573
32820,"""ORLANDO. FL""",ORLANDO,FL,ORANGE,307573
32821,"""ORLANDO. FL""",ORLANDO,FL,ORANGE,307573
32822,"""ORLANDO. FL""",ORLANDO,FL,ORANGE,307573
32824,"""ORLANDO. FL""",ORLANDO,FL,ORANGE,307573
32825,"""ORLANDO. FL""",ORLANDO,FL,ORANGE,307573
32826,"""ORLANDO. FL""",ORLANDO,FL,ORANGE,307573
32827,"""ORLANDO. FL""",ORLANDO,FL,ORANGE,307573
32828,"""ORLANDO. FL""",ORLANDO,FL,ORANGE,307573
32829,"""ORLANDO. FL""",ORLANDO,FL,ORANGE,307573
32830,"""ORLANDO. FL""",ORLANDO,FL,ORANGE,307573
32831,"""ORLANDO. FL""",ORLANDO,FL,ORANGE,307573
32832,"""ORLANDO. FL""",ORLANDO,FL,ORANGE,307573
32833,"""ORLANDO. FL""",ORLANDO,FL,ORANGE,307573
32834,"""ORLANDO. FL""",ORLANDO,FL,ORANGE,307573
32835,"""ORLANDO. FL""",ORLANDO,FL,ORANGE,307573
32836,"""ORLANDO. FL""",ORLANDO,FL,ORANGE,307573
32837,"""ORLANDO. FL""",ORLANDO,FL,ORANGE,307573
32839,"""ORLANDO. FL""",ORLANDO,FL,ORANGE,307573
32853,"""ORLANDO. FL""",ORLANDO,FL,ORANGE,307573
32854,"""ORLANDO. FL""",ORLANDO,FL,ORANGE,307573
32855,"""ORLANDO. FL""",ORLANDO,FL,ORANGE,307573
32856,"""ORLANDO. FL""",ORLANDO,FL,ORANGE,307573
32857,"""ORLANDO. FL""",ORLANDO,FL,ORANGE,307573
32858,"""ORLANDO. FL""",ORLANDO,FL,ORANGE,307573
32859,"""ORLANDO. FL""",ORLANDO,FL,ORANGE,307573
32860,"""ORLANDO. FL""",ORLANDO,FL,ORANGE,307573
32861,"""ORLANDO. FL""",ORLANDO,FL,ORANGE,307573
32862,"""ORLANDO. FL""",ORLANDO,FL,ORANGE,307573
32867,"""ORLANDO. FL""",ORLANDO,FL,ORANGE,307573
32868,"""ORLANDO. FL""",ORLANDO,FL,ORANGE,307573
32869,"""ORLANDO. FL""",ORLANDO,FL,ORANGE,307573
32872,"""ORLANDO. FL""",ORLANDO,FL,ORANGE,307573
32877,"""ORLANDO. FL""",ORLANDO,FL,ORANGE,307573
32878,"""ORLANDO. FL""",ORLANDO,FL,ORANGE,307573
32885,"""ORLANDO. FL""",ORLANDO,FL,ORANGE,307573
32887,"""ORLANDO. FL""",ORLANDO,FL,ORANGE,307573
32897,"""ORLANDO. FL""",ORLANDO,FL,ORANGE,307573
32899,"""ORLANDO. FL""",ORLANDO,FL,BREVARD,307573
32901,"""MELBOURNE. FL""",MELBOURNE,FL,BREVARD,84678
32902,"""MELBOURNE. FL""",MELBOURNE,FL,BREVARD,84678
32904,"""MELBOURNE. FL""",MELBOURNE,FL,BREVARD,84678
32905,"""PALM BAY. FL""",PALM BAY,FL,BREVARD,119760
32906,"""PALM BAY. FL""",PALM BAY,FL,BREVARD,119760
32907,"""PALM BAY. FL""",PALM BAY,FL,BREVARD,119760
32908,"""PALM BAY. FL""",PALM BAY,FL,BREVARD,119760
32909,"""PALM BAY. FL""",PALM BAY,FL,BREVARD,119760
32910,"""PALM BAY. FL""",PALM BAY,FL,BREVARD,119760
32911,"""PALM BAY. FL""",PALM BAY,FL,BREVARD,119760
32912,"""MELBOURNE. FL""",MELBOURNE,FL,BREVARD,84678
32919,"""MELBOURNE. FL""",MELBOURNE,FL,BREVARD,84678
32920,"""CAPE CANAVERAL. FL""",CAPE CANAVERAL,FL,BREVARD,9972
32922,"""COCOA. FL""",COCOA,FL,BREVARD,19041
32923,"""COCOA. FL""",COCOA,FL,BREVARD,19041
32924,"""COCOA. FL""",COCOA,FL,BREVARD,19041
32926,"""COCOA. FL""",COCOA,FL,BREVARD,19041
32927,"""COCOA. FL""",COCOA,FL,BREVARD,19041
32931,"""COCOA BEACH. FL""",COCOA BEACH,FL,BREVARD,11354
32932,"""COCOA BEACH. FL""",COCOA BEACH,FL,BREVARD,11354
32934,"""MELBOURNE. FL""",MELBOURNE,FL,BREVARD,84678
32935,"""MELBOURNE. FL""",MELBOURNE,FL,BREVARD,84678
32936,"""MELBOURNE. FL""",MELBOURNE,FL,BREVARD,84678
32937,"""SATELLITE BEACH. FL""",SATELLITE BEACH,FL,BREVARD,11226
32940,"""MELBOURNE. FL""",MELBOURNE,FL,BREVARD,84678
32941,"""MELBOURNE. FL""",MELBOURNE,FL,BREVARD,84678
32948,"""FELLSMERE. FL""",FELLSMERE,FL,INDIAN RIVER,4834
32955,"""ROCKLEDGE. FL""",ROCKLEDGE,FL,BREVARD,27678
32956,"""ROCKLEDGE. FL""",ROCKLEDGE,FL,BREVARD,27678
32958,"""SEBASTIAN. FL""",SEBASTIAN,FL,INDIAN RIVER,25054
32960,"""VERO BEACH. FL""",VERO BEACH,FL,INDIAN RIVER,16354
32961,"""VERO BEACH. FL""",VERO BEACH,FL,INDIAN RIVER,16354
32962,"""VERO BEACH. FL""",VERO BEACH,FL,INDIAN RIVER,16354
32963,"""VERO BEACH. FL""",VERO BEACH,FL,INDIAN RIVER,16354
32964,"""VERO BEACH. FL""",VERO BEACH,FL,INDIAN RIVER,16354
32965,"""VERO BEACH. FL""",VERO BEACH,FL,INDIAN RIVER,16354
32966,"""VERO BEACH. FL""",VERO BEACH,FL,INDIAN RIVER,16354
32967,"""VERO BEACH. FL""",VERO BEACH,FL,INDIAN RIVER,16354
32968,"""VERO BEACH. FL""",VERO BEACH,FL,INDIAN RIVER,16354
32969,"""VERO BEACH. FL""",VERO BEACH,FL,INDIAN RIVER,16354
32976,"""SEBASTIAN. FL""",SEBASTIAN,FL,BREVARD,25054
32978,"""SEBASTIAN. FL""",SEBASTIAN,FL,INDIAN RIVER,25054
33002,"""HIALEAH. FL""",HIALEAH,FL,MIAMI-DADE,223109
33010,"""HIALEAH. FL""",HIALEAH,FL,MIAMI-DADE,223109
33011,"""HIALEAH. FL""",HIALEAH,FL,MIAMI-DADE,223109
33012,"""HIALEAH. FL""",HIALEAH,FL,MIAMI-DADE,223109
33013,"""HIALEAH. FL""",HIALEAH,FL,MIAMI-DADE,223109
33014,"""HIALEAH. FL""",HIALEAH,FL,MIAMI-DADE,223109
33015,"""HIALEAH. FL""",HIALEAH,FL,MIAMI-DADE,223109
33016,"""HIALEAH. FL""",HIALEAH,FL,MIAMI-DADE,223109
33017,"""HIALEAH. FL""",HIALEAH,FL,MIAMI-DADE,223109
33018,"""HIALEAH. FL""",HIALEAH,FL,MIAMI-DADE,223109
33019,"""HOLLYWOOD. FL""",HOLLYWOOD,FL,BROWARD,153067
33020,"""HOLLYWOOD. FL""",HOLLYWOOD,FL,BROWARD,153067
33021,"""HOLLYWOOD. FL""",HOLLYWOOD,FL,BROWARD,153067
33022,"""HOLLYWOOD. FL""",HOLLYWOOD,FL,BROWARD,153067
33023,"""HOLLYWOOD. FL""",HOLLYWOOD,FL,BROWARD,153067
33024,"""HOLLYWOOD. FL""",HOLLYWOOD,FL,BROWARD,153067
33025,"""HOLLYWOOD. FL""",HOLLYWOOD,FL,BROWARD,153067
33026,"""HOLLYWOOD. FL""",HOLLYWOOD,FL,BROWARD,153067
33027,"""HOLLYWOOD. FL""",HOLLYWOOD,FL,BROWARD,153067
33028,"""PEMBROKE PINES. FL""",PEMBROKE PINES,FL,BROWARD,171178
33029,"""HOLLYWOOD. FL""",HOLLYWOOD,FL,BROWARD,153067
33030,"""HOMESTEAD. FL""",HOMESTEAD,FL,MIAMI-DADE,80737
33031,"""HOMESTEAD. FL""",HOMESTEAD,FL,MIAMI-DADE,80737
33032,"""HOMESTEAD. FL""",HOMESTEAD,FL,MIAMI-DADE,80737
33033,"""HOMESTEAD. FL""",HOMESTEAD,FL,MIAMI-DADE,80737
33034,"""HOMESTEAD. FL""",HOMESTEAD,FL,MIAMI-DADE,80737
33035,"""HOMESTEAD. FL""",HOMESTEAD,FL,MIAMI-DADE,80737
33039,"""HOMESTEAD. FL""",HOMESTEAD,FL,MIAMI-DADE,80737
33040,"""KEY WEST. FL""",KEY WEST,FL,MONROE,26444
33041,"""KEY WEST. FL""",KEY WEST,FL,MONROE,26444
33045,"""KEY WEST. FL""",KEY WEST,FL,MONROE,26444
33050,"""MARATHON. FL""",MARATHON,FL,MONROE,9689
33051,"""KEY COLONY BEACH. FL""",KEY COLONY BEACH,FL,MONROE,790
33056,"""MIAMI GARDENS. FL""",MIAMI GARDENS,FL,MIAMI-DADE,111640
33060,"""POMPANO BEACH. FL""",POMPANO BEACH,FL,BROWARD,112046
33061,"""POMPANO BEACH. FL""",POMPANO BEACH,FL,BROWARD,112046
33062,"""POMPANO BEACH. FL""",POMPANO BEACH,FL,BROWARD,112046
33063,"""POMPANO BEACH. FL""",POMPANO BEACH,FL,BROWARD,112046
33064,"""POMPANO BEACH. FL""",POMPANO BEACH,FL,BROWARD,112046
33065,"""POMPANO BEACH. FL""",POMPANO BEACH,FL,BROWARD,112046
33066,"""POMPANO BEACH. FL""",POMPANO BEACH,FL,BROWARD,112046
33067,"""POMPANO BEACH. FL""",POMPANO BEACH,FL,BROWARD,112046
33068,"""POMPANO BEACH. FL""",POMPANO BEACH,FL,BROWARD,112046
33069,"""POMPANO BEACH. FL""",POMPANO BEACH,FL,BROWARD,112046
33071,"""POMPANO BEACH. FL""",POMPANO BEACH,FL,BROWARD,112046
33072,"""POMPANO BEACH. FL""",POMPANO BEACH,FL,BROWARD,112046
33073,"""POMPANO BEACH. FL""",POMPANO BEACH,FL,BROWARD,112046
33074,"""POMPANO BEACH. FL""",POMPANO BEACH,FL,BROWARD,112046
33075,"""CORAL SPRINGS. FL""",CORAL SPRINGS,FL,BROWARD,134394
33076,"""POMPANO BEACH. FL""",POMPANO BEACH,FL,BROWARD,112046
33077,"""POMPANO BEACH. FL""",POMPANO BEACH,FL,BROWARD,112046
33081,"""HOLLYWOOD. FL""",HOLLYWOOD,FL,BROWARD,153067
33082,"""PEMBROKE PINES. FL""",PEMBROKE PINES,FL,BROWARD,171178
33083,"""HOLLYWOOD. FL""",HOLLYWOOD,FL,BROWARD,153067
33084,"""HOLLYWOOD. FL""",HOLLYWOOD,FL,BROWARD,153067
33090,"""HOMESTEAD. FL""",HOMESTEAD,FL,MIAMI-DADE,80737
33092,"""HOMESTEAD. FL""",HOMESTEAD,FL,MIAMI-DADE,80737
33093,"""MARGATE. FL""",MARGATE,FL,BROWARD,58712
33097,"""COCONUT CREEK. FL""",COCONUT CREEK,FL,BROWARD,57833
33101,"""MIAMI. FL""",MIAMI,FL,MIAMI-DADE,442241
33102,"""MIAMI. FL""",MIAMI,FL,MIAMI-DADE,442241
33106,"""MIAMI. FL""",MIAMI,FL,MIAMI-DADE,442241
33109,"""MIAMI BEACH. FL""",MIAMI BEACH,FL,MIAMI-DADE,82890
33111,"""MIAMI. FL""",MIAMI,FL,MIAMI-DADE,442241
33112,"""MIAMI. FL""",MIAMI,FL,MIAMI-DADE,442241
33114,"""CORAL GABLES. FL""",CORAL GABLES,FL,MIAMI-DADE,49248
33116,"""MIAMI. FL""",MIAMI,FL,MIAMI-DADE,442241
33119,"""MIAMI BEACH. FL""",MIAMI BEACH,FL,MIAMI-DADE,82890
33122,"""MIAMI. FL""",MIAMI,FL,MIAMI-DADE,442241
33124,"""MIAMI. FL""",MIAMI,FL,MIAMI-DADE,442241
33125,"""MIAMI. FL""",MIAMI,FL,MIAMI-DADE,442241
33126,"""MIAMI. FL""",MIAMI,FL,MIAMI-DADE,442241
33127,"""MIAMI. FL""",MIAMI,FL,MIAMI-DADE,442241
33128,"""MIAMI. FL""",MIAMI,FL,MIAMI-DADE,442241
33129,"""MIAMI. FL""",MIAMI,FL,MIAMI-DADE,442241
33130,"""MIAMI. FL""",MIAMI,FL,MIAMI-DADE,442241
33131,"""MIAMI. FL""",MIAMI,FL,MIAMI-DADE,442241
33132,"""MIAMI. FL""",MIAMI,FL,MIAMI-DADE,442241
33133,"""MIAMI. FL""",MIAMI,FL,MIAMI-DADE,442241
33134,"""MIAMI. FL""",MIAMI,FL,MIAMI-DADE,442241
33135,"""MIAMI. FL""",MIAMI,FL,MIAMI-DADE,442241
33136,"""MIAMI. FL""",MIAMI,FL,MIAMI-DADE,442241
33137,"""MIAMI. FL""",MIAMI,FL,MIAMI-DADE,442241
33138,"""MIAMI. FL""",MIAMI,FL,MIAMI-DADE,442241
33139,"""MIAMI BEACH. FL""",MIAMI BEACH,FL,MIAMI-DADE,82890
33140,"""MIAMI BEACH. FL""",MIAMI BEACH,FL,MIAMI-DADE,82890
33141,"""MIAMI BEACH. FL""",MIAMI BEACH,FL,MIAMI-DADE,82890
33142,"""MIAMI. FL""",MIAMI,FL,MIAMI-DADE,442241
33143,"""MIAMI. FL""",MIAMI,FL,MIAMI-DADE,442241
33144,"""MIAMI. FL""",MIAMI,FL,MIAMI-DADE,442241
33145,"""MIAMI. FL""",MIAMI,FL,MIAMI-DADE,442241
33146,"""MIAMI. FL""",MIAMI,FL,MIAMI-DADE,442241
33147,"""MIAMI. FL""",MIAMI,FL,MIAMI-DADE,442241
33150,"""MIAMI. FL""",MIAMI,FL,MIAMI-DADE,442241
33151,"""MIAMI. FL""",MIAMI,FL,MIAMI-DADE,442241
33152,"""MIAMI. FL""",MIAMI,FL,MIAMI-DADE,442241
33153,"""MIAMI. FL""",MIAMI,FL,MIAMI-DADE,442241
33154,"""MIAMI BEACH. FL""",MIAMI BEACH,FL,MIAMI-DADE,82890
33155,"""MIAMI. FL""",MIAMI,FL,MIAMI-DADE,442241
33156,"""MIAMI. FL""",MIAMI,FL,MIAMI-DADE,442241
33157,"""MIAMI. FL""",MIAMI,FL,MIAMI-DADE,442241
33158,"""MIAMI. FL""",MIAMI,FL,MIAMI-DADE,442241
33159,"""MIAMI. FL""",MIAMI,FL,MIAMI-DADE,442241
33160,"""NORTH MIAMI BEACH. FL""",NORTH MIAMI BEACH,FL,MIAMI-DADE,43676
33161,"""MIAMI. FL""",MIAMI,FL,MIAMI-DADE,442241
33162,"""MIAMI. FL""",MIAMI,FL,MIAMI-DADE,442241
33163,"""MIAMI. FL""",MIAMI,FL,MIAMI-DADE,442241
33164,"""MIAMI. FL""",MIAMI,FL,MIAMI-DADE,442241
33165,"""MIAMI. FL""",MIAMI,FL,MIAMI-DADE,442241
33166,"""MIAMI. FL""",MIAMI,FL,MIAMI-DADE,442241
33167,"""MIAMI. FL""",MIAMI,FL,MIAMI-DADE,442241
33168,"""MIAMI. FL""",MIAMI,FL,MIAMI-DADE,442241
33169,"""MIAMI. FL""",MIAMI,FL,MIAMI-DADE,442241
33170,"""MIAMI. FL""",MIAMI,FL,MIAMI-DADE,442241
33172,"""MIAMI. FL""",MIAMI,FL,MIAMI-DADE,442241
33173,"""MIAMI. FL""",MIAMI,FL,MIAMI-DADE,442241
33174,"""MIAMI. FL""",MIAMI,FL,MIAMI-DADE,442241
33175,"""MIAMI. FL""",MIAMI,FL,MIAMI-DADE,442241
33176,"""MIAMI. FL""",MIAMI,FL,MIAMI-DADE,442241
33177,"""MIAMI. FL""",MIAMI,FL,MIAMI-DADE,442241
33178,"""MIAMI. FL""",MIAMI,FL,MIAMI-DADE,442241
33179,"""MIAMI. FL""",MIAMI,FL,MIAMI-DADE,442241
33180,"""MIAMI. FL""",MIAMI,FL,MIAMI-DADE,442241
33181,"""MIAMI. FL""",MIAMI,FL,MIAMI-DADE,442241
33182,"""MIAMI. FL""",MIAMI,FL,MIAMI-DADE,442241
33183,"""MIAMI. FL""",MIAMI,FL,MIAMI-DADE,442241
33184,"""MIAMI. FL""",MIAMI,FL,MIAMI-DADE,442241
33185,"""MIAMI. FL""",MIAMI,FL,MIAMI-DADE,442241
33186,"""MIAMI. FL""",MIAMI,FL,MIAMI-DADE,442241
33187,"""MIAMI. FL""",MIAMI,FL,MIAMI-DADE,442241
33188,"""MIAMI. FL""",MIAMI,FL,MIAMI-DADE,442241
33189,"""MIAMI. FL""",MIAMI,FL,MIAMI-DADE,442241
33190,"""MIAMI. FL""",MIAMI,FL,MIAMI-DADE,442241
33193,"""MIAMI. FL""",MIAMI,FL,MIAMI-DADE,442241
33194,"""MIAMI. FL""",MIAMI,FL,MIAMI-DADE,442241
33196,"""MIAMI. FL""",MIAMI,FL,MIAMI-DADE,442241
33197,"""MIAMI. FL""",MIAMI,FL,MIAMI-DADE,442241
33199,"""MIAMI. FL""",MIAMI,FL,MIAMI-DADE,442241
33206,"""MIAMI. FL""",MIAMI,FL,MIAMI-DADE,442241
33222,"""MIAMI. FL""",MIAMI,FL,MIAMI-DADE,442241
33231,"""MIAMI. FL""",MIAMI,FL,MIAMI-DADE,442241
33233,"""MIAMI. FL""",MIAMI,FL,MIAMI-DADE,442241
33234,"""MIAMI. FL""",MIAMI,FL,MIAMI-DADE,442241
33238,"""MIAMI. FL""",MIAMI,FL,MIAMI-DADE,442241
33239,"""MIAMI BEACH. FL""",MIAMI BEACH,FL,MIAMI-DADE,82890
33243,"""MIAMI. FL""",MIAMI,FL,MIAMI-DADE,442241
33245,"""MIAMI. FL""",MIAMI,FL,MIAMI-DADE,442241
33247,"""MIAMI. FL""",MIAMI,FL,MIAMI-DADE,442241
33255,"""MIAMI. FL""",MIAMI,FL,MIAMI-DADE,442241
33256,"""MIAMI. FL""",MIAMI,FL,MIAMI-DADE,442241
33257,"""MIAMI. FL""",MIAMI,FL,MIAMI-DADE,442241
33261,"""MIAMI. FL""",MIAMI,FL,MIAMI-DADE,442241
33265,"""MIAMI. FL""",MIAMI,FL,MIAMI-DADE,442241
33266,"""MIAMI. FL""",MIAMI,FL,MIAMI-DADE,442241
33269,"""MIAMI. FL""",MIAMI,FL,MIAMI-DADE,442241
33280,"""MIAMI. FL""",MIAMI,FL,MIAMI-DADE,442241
33283,"""MIAMI. FL""",MIAMI,FL,MIAMI-DADE,442241
33296,"""MIAMI. FL""",MIAMI,FL,MIAMI-DADE,442241
33299,"""MIAMI. FL""",MIAMI,FL,MIAMI-DADE,442241
33301,"""FORT LAUDERDALE. FL""",FORT LAUDERDALE,FL,BROWARD,182760
33302,"""FORT LAUDERDALE. FL""",FORT LAUDERDALE,FL,BROWARD,182760
33303,"""FORT LAUDERDALE. FL""",FORT LAUDERDALE,FL,BROWARD,182760
33304,"""FORT LAUDERDALE. FL""",FORT LAUDERDALE,FL,BROWARD,182760
33305,"""FORT LAUDERDALE. FL""",FORT LAUDERDALE,FL,BROWARD,182760
33306,"""FORT LAUDERDALE. FL""",FORT LAUDERDALE,FL,BROWARD,182760
33307,"""FORT LAUDERDALE. FL""",FORT LAUDERDALE,FL,BROWARD,182760
33308,"""FORT LAUDERDALE. FL""",FORT LAUDERDALE,FL,BROWARD,182760
33309,"""FORT LAUDERDALE. FL""",FORT LAUDERDALE,FL,BROWARD,182760
33310,"""FORT LAUDERDALE. FL""",FORT LAUDERDALE,FL,BROWARD,182760
33311,"""FORT LAUDERDALE. FL""",FORT LAUDERDALE,FL,BROWARD,182760
33312,"""FORT LAUDERDALE. FL""",FORT LAUDERDALE,FL,BROWARD,182760
33313,"""FORT LAUDERDALE. FL""",FORT LAUDERDALE,FL,BROWARD,182760
33314,"""FORT LAUDERDALE. FL""",FORT LAUDERDALE,FL,BROWARD,182760
33315,"""FORT LAUDERDALE. FL""",FORT LAUDERDALE,FL,BROWARD,182760
33316,"""FORT LAUDERDALE. FL""",FORT LAUDERDALE,FL,BROWARD,182760
33317,"""FORT LAUDERDALE. FL""",FORT LAUDERDALE,FL,BROWARD,182760
33318,"""FORT LAUDERDALE. FL""",FORT LAUDERDALE,FL,BROWARD,182760
33319,"""FORT LAUDERDALE. FL""",FORT LAUDERDALE,FL,BROWARD,182760
33320,"""FORT LAUDERDALE. FL""",FORT LAUDERDALE,FL,BROWARD,182760
33321,"""FORT LAUDERDALE. FL""",FORT LAUDERDALE,FL,BROWARD,182760
33322,"""FORT LAUDERDALE. FL""",FORT LAUDERDALE,FL,BROWARD,182760
33323,"""FORT LAUDERDALE. FL""",FORT LAUDERDALE,FL,BROWARD,182760
33324,"""FORT LAUDERDALE. FL""",FORT LAUDERDALE,FL,BROWARD,182760
33325,"""FORT LAUDERDALE. FL""",FORT LAUDERDALE,FL,BROWARD,182760
33326,"""FORT LAUDERDALE. FL""",FORT LAUDERDALE,FL,BROWARD,182760
33327,"""FORT LAUDERDALE. FL""",FORT LAUDERDALE,FL,BROWARD,182760
33328,"""FORT LAUDERDALE. FL""",FORT LAUDERDALE,FL,BROWARD,182760
33329,"""FORT LAUDERDALE. FL""",FORT LAUDERDALE,FL,BROWARD,182760
33330,"""FORT LAUDERDALE. FL""",FORT LAUDERDALE,FL,BROWARD,182760
33331,"""FORT LAUDERDALE. FL""",FORT LAUDERDALE,FL,BROWARD,182760
33332,"""FORT LAUDERDALE. FL""",FORT LAUDERDALE,FL,BROWARD,182760
33334,"""FORT LAUDERDALE. FL""",FORT LAUDERDALE,FL,BROWARD,182760
33335,"""FORT LAUDERDALE. FL""",FORT LAUDERDALE,FL,BROWARD,182760
33336,"""FORT LAUDERDALE. FL""",FORT LAUDERDALE,FL,BROWARD,182760
33337,"""FORT LAUDERDALE. FL""",FORT LAUDERDALE,FL,BROWARD,182760
33338,"""FORT LAUDERDALE. FL""",FORT LAUDERDALE,FL,BROWARD,182760
33339,"""FORT LAUDERDALE. FL""",FORT LAUDERDALE,FL,BROWARD,182760
33345,"""FORT LAUDERDALE. FL""",FORT LAUDERDALE,FL,BROWARD,182760
33346,"""FORT LAUDERDALE. FL""",FORT LAUDERDALE,FL,BROWARD,182760
33348,"""FORT LAUDERDALE. FL""",FORT LAUDERDALE,FL,BROWARD,182760
33351,"""FORT LAUDERDALE. FL""",FORT LAUDERDALE,FL,BROWARD,182760
33355,"""FORT LAUDERDALE. FL""",FORT LAUDERDALE,FL,BROWARD,182760
33359,"""FORT LAUDERDALE. FL""",FORT LAUDERDALE,FL,BROWARD,182760
33388,"""PLANTATION. FL""",PLANTATION,FL,BROWARD,91750
33394,"""FORT LAUDERDALE. FL""",FORT LAUDERDALE,FL,BROWARD,182760
33401,"""WEST PALM BEACH. FL""",WEST PALM BEACH,FL,PALM BEACH,117415
33402,"""WEST PALM BEACH. FL""",WEST PALM BEACH,FL,PALM BEACH,117415
33403,"""WEST PALM BEACH. FL""",WEST PALM BEACH,FL,PALM BEACH,117415
33404,"""WEST PALM BEACH. FL""",WEST PALM BEACH,FL,PALM BEACH,117415
33405,"""WEST PALM BEACH. FL""",WEST PALM BEACH,FL,PALM BEACH,117415
33406,"""WEST PALM BEACH. FL""",WEST PALM BEACH,FL,PALM BEACH,117415
33407,"""WEST PALM BEACH. FL""",WEST PALM BEACH,FL,PALM BEACH,117415
33409,"""WEST PALM BEACH. FL""",WEST PALM BEACH,FL,PALM BEACH,117415
33410,"""PALM BEACH GARDENS. FL""",PALM BEACH GARDENS,FL,PALM BEACH,59182
33411,"""WEST PALM BEACH. FL""",WEST PALM BEACH,FL,PALM BEACH,117415
33412,"""WEST PALM BEACH. FL""",WEST PALM BEACH,FL,PALM BEACH,117415
33413,"""WEST PALM BEACH. FL""",WEST PALM BEACH,FL,PALM BEACH,117415
33415,"""WEST PALM BEACH. FL""",WEST PALM BEACH,FL,PALM BEACH,117415
33416,"""WEST PALM BEACH. FL""",WEST PALM BEACH,FL,PALM BEACH,117415
33417,"""WEST PALM BEACH. FL""",WEST PALM BEACH,FL,PALM BEACH,117415
33418,"""PALM BEACH GARDENS. FL""",PALM BEACH GARDENS,FL,PALM BEACH,59182
33419,"""WEST PALM BEACH. FL""",WEST PALM BEACH,FL,PALM BEACH,117415
33420,"""WEST PALM BEACH. FL""",WEST PALM BEACH,FL,PALM BEACH,117415
33422,"""WEST PALM BEACH. FL""",WEST PALM BEACH,FL,PALM BEACH,117415
33424,"""BOYNTON BEACH. FL""",BOYNTON BEACH,FL,PALM BEACH,80380
33425,"""BOYNTON BEACH. FL""",BOYNTON BEACH,FL,PALM BEACH,80380
33426,"""BOYNTON BEACH. FL""",BOYNTON BEACH,FL,PALM BEACH,80380
33427,"""BOCA RATON. FL""",BOCA RATON,FL,PALM BEACH,97422
33428,"""BOCA RATON. FL""",BOCA RATON,FL,PALM BEACH,97422
33429,"""BOCA RATON. FL""",BOCA RATON,FL,PALM BEACH,97422
33430,"""BELLE GLADE. FL""",BELLE GLADE,FL,PALM BEACH,16698
33431,"""BOCA RATON. FL""",BOCA RATON,FL,PALM BEACH,97422
33432,"""BOCA RATON. FL""",BOCA RATON,FL,PALM BEACH,97422
33433,"""BOCA RATON. FL""",BOCA RATON,FL,PALM BEACH,97422
33434,"""BOCA RATON. FL""",BOCA RATON,FL,PALM BEACH,97422
33435,"""BOYNTON BEACH. FL""",BOYNTON BEACH,FL,PALM BEACH,80380
33436,"""BOYNTON BEACH. FL""",BOYNTON BEACH,FL,PALM BEACH,80380
33437,"""BOYNTON BEACH. FL""",BOYNTON BEACH,FL,PALM BEACH,80380
33440,"""CLEWISTON. FL""",CLEWISTON,FL,HENDRY,7327
33441,"""DEERFIELD BEACH. FL""",DEERFIELD BEACH,FL,BROWARD,86859
33442,"""DEERFIELD BEACH. FL""",DEERFIELD BEACH,FL,BROWARD,86859
33443,"""DEERFIELD BEACH. FL""",DEERFIELD BEACH,FL,BROWARD,86859
33444,"""DELRAY BEACH. FL""",DELRAY BEACH,FL,PALM BEACH,66846
33445,"""DELRAY BEACH. FL""",DELRAY BEACH,FL,PALM BEACH,66846
33446,"""DELRAY BEACH. FL""",DELRAY BEACH,FL,PALM BEACH,66846
33448,"""DELRAY BEACH. FL""",DELRAY BEACH,FL,PALM BEACH,66846
33454,"""GREENACRES. FL""",GREENACRES,FL,PALM BEACH,43990
33464,"""BOCA RATON. FL""",BOCA RATON,FL,PALM BEACH,97422
33471,"""MOORE HAVEN. FL""",MOORE HAVEN,FL,GLADES,1566
33472,"""BOYNTON BEACH. FL""",BOYNTON BEACH,FL,PALM BEACH,80380
33473,"""BOYNTON BEACH. FL""",BOYNTON BEACH,FL,PALM BEACH,80380
33474,"""BOYNTON BEACH. FL""",BOYNTON BEACH,FL,PALM BEACH,80380
33476,"""PAHOKEE. FL""",PAHOKEE,FL,PALM BEACH,5524
33481,"""BOCA RATON. FL""",BOCA RATON,FL,PALM BEACH,97422
33482,"""DELRAY BEACH. FL""",DELRAY BEACH,FL,PALM BEACH,66846
33483,"""DELRAY BEACH. FL""",DELRAY BEACH,FL,PALM BEACH,66846
33484,"""DELRAY BEACH. FL""",DELRAY BEACH,FL,PALM BEACH,66846
33486,"""BOCA RATON. FL""",BOCA RATON,FL,PALM BEACH,97422
33487,"""BOCA RATON. FL""",BOCA RATON,FL,PALM BEACH,97422
33488,"""BOCA RATON. FL""",BOCA RATON,FL,PALM BEACH,97422
33493,"""SOUTH BAY. FL""",SOUTH BAY,FL,PALM BEACH,4860
33496,"""BOCA RATON. FL""",BOCA RATON,FL,PALM BEACH,97422
33497,"""BOCA RATON. FL""",BOCA RATON,FL,PALM BEACH,97422
33498,"""BOCA RATON. FL""",BOCA RATON,FL,PALM BEACH,97422
33499,"""BOCA RATON. FL""",BOCA RATON,FL,PALM BEACH,97422
33513,"""BUSHNELL. FL""",BUSHNELL,FL,SUMTER,3047
33514,"""CENTER HILL. FL""",CENTER HILL,FL,SUMTER,846
33521,"""COLEMAN. FL""",COLEMAN,FL,SUMTER,642
33523,"""DADE CITY. FL""",DADE CITY,FL,PASCO,7275
33525,"""DADE CITY. FL""",DADE CITY,FL,PASCO,7275
33526,"""DADE CITY. FL""",DADE CITY,FL,PASCO,7275
33539,"""ZEPHYRHILLS. FL""",ZEPHYRHILLS,FL,PASCO,17194
33540,"""ZEPHYRHILLS. FL""",ZEPHYRHILLS,FL,PASCO,17194
33541,"""ZEPHYRHILLS. FL""",ZEPHYRHILLS,FL,PASCO,17194
33542,"""ZEPHYRHILLS. FL""",ZEPHYRHILLS,FL,PASCO,17194
33563,"""PLANT CITY. FL""",PLANT CITY,FL,HILLSBOROUGH,39764
33564,"""PLANT CITY. FL""",PLANT CITY,FL,HILLSBOROUGH,39764
33565,"""PLANT CITY. FL""",PLANT CITY,FL,HILLSBOROUGH,39764
33566,"""PLANT CITY. FL""",PLANT CITY,FL,HILLSBOROUGH,39764
33567,"""PLANT CITY. FL""",PLANT CITY,FL,HILLSBOROUGH,39764
33576,"""SAN ANTONIO. FL""",SAN ANTONIO,FL,PASCO,1297
33597,"""WEBSTER. FL""",WEBSTER,FL,SUMTER,778
33601,"""TAMPA. FL""",TAMPA,FL,HILLSBOROUGH,384959
33602,"""TAMPA. FL""",TAMPA,FL,HILLSBOROUGH,384959
33603,"""TAMPA. FL""",TAMPA,FL,HILLSBOROUGH,384959
33604,"""TAMPA. FL""",TAMPA,FL,HILLSBOROUGH,384959
33605,"""TAMPA. FL""",TAMPA,FL,HILLSBOROUGH,384959
33606,"""TAMPA. FL""",TAMPA,FL,HILLSBOROUGH,384959
33607,"""TAMPA. FL""",TAMPA,FL,HILLSBOROUGH,384959
33608,"""TAMPA. FL""",TAMPA,FL,HILLSBOROUGH,384959
33609,"""TAMPA. FL""",TAMPA,FL,HILLSBOROUGH,384959
33610,"""TAMPA. FL""",TAMPA,FL,HILLSBOROUGH,384959
33611,"""TAMPA. FL""",TAMPA,FL,HILLSBOROUGH,384959
33612,"""TAMPA. FL""",TAMPA,FL,HILLSBOROUGH,384959
33613,"""TAMPA. FL""",TAMPA,FL,HILLSBOROUGH,384959
33614,"""TAMPA. FL""",TAMPA,FL,HILLSBOROUGH,384959
33615,"""TAMPA. FL""",TAMPA,FL,HILLSBOROUGH,384959
33616,"""TAMPA. FL""",TAMPA,FL,HILLSBOROUGH,384959
33617,"""TAMPA. FL""",TAMPA,FL,HILLSBOROUGH,384959
33618,"""TAMPA. FL""",TAMPA,FL,HILLSBOROUGH,384959
33619,"""TAMPA. FL""",TAMPA,FL,HILLSBOROUGH,384959
33620,"""TAMPA. FL""",TAMPA,FL,HILLSBOROUGH,384959
33621,"""TAMPA. FL""",TAMPA,FL,HILLSBOROUGH,384959
33622,"""TAMPA. FL""",TAMPA,FL,HILLSBOROUGH,384959
33623,"""TAMPA. FL""",TAMPA,FL,HILLSBOROUGH,384959
33624,"""TAMPA. FL""",TAMPA,FL,HILLSBOROUGH,384959
33625,"""TAMPA. FL""",TAMPA,FL,HILLSBOROUGH,384959
33626,"""TAMPA. FL""",TAMPA,FL,HILLSBOROUGH,384959
33629,"""TAMPA. FL""",TAMPA,FL,HILLSBOROUGH,384959
33630,"""TAMPA. FL""",TAMPA,FL,HILLSBOROUGH,384959
33631,"""TAMPA. FL""",TAMPA,FL,HILLSBOROUGH,384959
33633,"""TAMPA. FL""",TAMPA,FL,HILLSBOROUGH,384959
33634,"""TAMPA. FL""",TAMPA,FL,HILLSBOROUGH,384959
33635,"""TAMPA. FL""",TAMPA,FL,HILLSBOROUGH,384959
33637,"""TAMPA. FL""",TAMPA,FL,HILLSBOROUGH,384959
33646,"""TAMPA. FL""",TAMPA,FL,HILLSBOROUGH,384959
33647,"""TAMPA. FL""",TAMPA,FL,HILLSBOROUGH,384959
33655,"""TAMPA. FL""",TAMPA,FL,HILLSBOROUGH,384959
33660,"""TAMPA. FL""",TAMPA,FL,HILLSBOROUGH,384959
33661,"""TAMPA. FL""",TAMPA,FL,HILLSBOROUGH,384959
33672,"""TAMPA. FL""",TAMPA,FL,HILLSBOROUGH,384959
33673,"""TAMPA. FL""",TAMPA,FL,HILLSBOROUGH,384959
33674,"""TAMPA. FL""",TAMPA,FL,HILLSBOROUGH,384959
33675,"""TAMPA. FL""",TAMPA,FL,HILLSBOROUGH,384959
33677,"""TAMPA. FL""",TAMPA,FL,HILLSBOROUGH,384959
33679,"""TAMPA. FL""",TAMPA,FL,HILLSBOROUGH,384959
33680,"""TAMPA. FL""",TAMPA,FL,HILLSBOROUGH,384959
33681,"""TAMPA. FL""",TAMPA,FL,HILLSBOROUGH,384959
33682,"""TAMPA. FL""",TAMPA,FL,HILLSBOROUGH,384959
33684,"""TAMPA. FL""",TAMPA,FL,HILLSBOROUGH,384959
33685,"""TAMPA. FL""",TAMPA,FL,HILLSBOROUGH,384959
33686,"""TAMPA. FL""",TAMPA,FL,HILLSBOROUGH,384959
33687,"""TAMPA. FL""",TAMPA,FL,HILLSBOROUGH,384959
33688,"""TAMPA. FL""",TAMPA,FL,HILLSBOROUGH,384959
33689,"""TAMPA. FL""",TAMPA,FL,HILLSBOROUGH,384959
33694,"""TAMPA. FL""",TAMPA,FL,HILLSBOROUGH,384959
33755,"""CLEARWATER. FL""",CLEARWATER,FL,PINELLAS,117292
33756,"""CLEARWATER. FL""",CLEARWATER,FL,PINELLAS,117292
33757,"""CLEARWATER. FL""",CLEARWATER,FL,PINELLAS,117292
33758,"""CLEARWATER. FL""",CLEARWATER,FL,PINELLAS,117292
33759,"""CLEARWATER. FL""",CLEARWATER,FL,PINELLAS,117292
33760,"""CLEARWATER. FL""",CLEARWATER,FL,PINELLAS,117292
33761,"""CLEARWATER. FL""",CLEARWATER,FL,PINELLAS,117292
33762,"""CLEARWATER. FL""",CLEARWATER,FL,PINELLAS,117292
33763,"""CLEARWATER. FL""",CLEARWATER,FL,PINELLAS,117292
33764,"""CLEARWATER. FL""",CLEARWATER,FL,PINELLAS,117292
33765,"""CLEARWATER. FL""",CLEARWATER,FL,PINELLAS,117292
33766,"""CLEARWATER. FL""",CLEARWATER,FL,PINELLAS,117292
33769,"""CLEARWATER. FL""",CLEARWATER,FL,PINELLAS,117292
33770,"""LARGO. FL""",LARGO,FL,PINELLAS,82485
33771,"""LARGO. FL""",LARGO,FL,PINELLAS,82485
33772,"""SEMINOLE. FL""",SEMINOLE,FL,PINELLAS,19364
33773,"""LARGO. FL""",LARGO,FL,PINELLAS,82485
33774,"""LARGO. FL""",LARGO,FL,PINELLAS,82485
33775,"""SEMINOLE. FL""",SEMINOLE,FL,PINELLAS,19364
33776,"""SEMINOLE. FL""",SEMINOLE,FL,PINELLAS,19364
33777,"""SEMINOLE. FL""",SEMINOLE,FL,PINELLAS,19364
33778,"""LARGO. FL""",LARGO,FL,PINELLAS,82485
33779,"""LARGO. FL""",LARGO,FL,PINELLAS,82485
33780,"""PINELLAS PARK. FL""",PINELLAS PARK,FL,PINELLAS,53093
33781,"""PINELLAS PARK. FL""",PINELLAS PARK,FL,PINELLAS,53093
33782,"""PINELLAS PARK. FL""",PINELLAS PARK,FL,PINELLAS,53093
33785,"""INDIAN ROCKS BEACH. FL""",INDIAN ROCKS BEACH,FL,PINELLAS,3673
33786,"""BELLEAIR BEACH. FL""",BELLEAIR BEACH,FL,PINELLAS,1633
33801,"""LAKELAND. FL""",LAKELAND,FL,POLK,112641
33802,"""LAKELAND. FL""",LAKELAND,FL,POLK,112641
33803,"""LAKELAND. FL""",LAKELAND,FL,POLK,112641
33804,"""LAKELAND. FL""",LAKELAND,FL,POLK,112641
33805,"""LAKELAND. FL""",LAKELAND,FL,POLK,112641
33806,"""LAKELAND. FL""",LAKELAND,FL,POLK,112641
33807,"""LAKELAND. FL""",LAKELAND,FL,POLK,112641
33809,"""LAKELAND. FL""",LAKELAND,FL,POLK,112641
33810,"""LAKELAND. FL""",LAKELAND,FL,POLK,112641
33811,"""LAKELAND. FL""",LAKELAND,FL,POLK,112641
33812,"""LAKELAND. FL""",LAKELAND,FL,POLK,112641
33813,"""LAKELAND. FL""",LAKELAND,FL,POLK,112641
33815,"""LAKELAND. FL""",LAKELAND,FL,POLK,112641
33823,"""AUBURNDALE. FL""",AUBURNDALE,FL,POLK,15616
33825,"""AVON PARK. FL""",AVON PARK,FL,HIGHLANDS,9658
33826,"""AVON PARK. FL""",AVON PARK,FL,HIGHLANDS,9658
33830,"""BARTOW. FL""",BARTOW,FL,POLK,19309
33831,"""BARTOW. FL""",BARTOW,FL,POLK,19309
33834,"""BOWLING GREEN. FL""",BOWLING GREEN,FL,HARDEE,2405
33836,"""DAVENPORT. FL""",DAVENPORT,FL,POLK,9043
33837,"""DAVENPORT. FL""",DAVENPORT,FL,POLK,9043
33839,"""EAGLE LAKE. FL""",EAGLE LAKE,FL,POLK,3008
33841,"""FORT MEADE. FL""",FORT MEADE,FL,POLK,5100
33843,"""FROSTPROOF. FL""",FROSTPROOF,FL,POLK,2877
33844,"""HAINES CITY. FL""",HAINES CITY,FL,POLK,26669
33845,"""HAINES CITY. FL""",HAINES CITY,FL,POLK,26669
33850,"""LAKE ALFRED. FL""",LAKE ALFRED,FL,POLK,6374
33853,"""LAKE WALES. FL""",LAKE WALES,FL,POLK,16361
33859,"""LAKE WALES. FL""",LAKE WALES,FL,POLK,16361
33860,"""MULBERRY. FL""",MULBERRY,FL,POLK,3952
33870,"""SEBRING. FL""",SEBRING,FL,HIGHLANDS,10729
33871,"""SEBRING. FL""",SEBRING,FL,HIGHLANDS,10729
33872,"""SEBRING. FL""",SEBRING,FL,HIGHLANDS,10729
33873,"""WAUCHULA. FL""",WAUCHULA,FL,HARDEE,4900
33875,"""SEBRING. FL""",SEBRING,FL,HIGHLANDS,10729
33876,"""SEBRING. FL""",SEBRING,FL,HIGHLANDS,10729
33880,"""WINTER HAVEN. FL""",WINTER HAVEN,FL,POLK,49219
33881,"""WINTER HAVEN. FL""",WINTER HAVEN,FL,POLK,49219
33882,"""WINTER HAVEN. FL""",WINTER HAVEN,FL,POLK,49219
33883,"""WINTER HAVEN. FL""",WINTER HAVEN,FL,POLK,49219
33884,"""WINTER HAVEN. FL""",WINTER HAVEN,FL,POLK,49219
33885,"""WINTER HAVEN. FL""",WINTER HAVEN,FL,POLK,49219
33888,"""WINTER HAVEN. FL""",WINTER HAVEN,FL,POLK,49219
33896,"""DAVENPORT. FL""",DAVENPORT,FL,POLK,9043
33897,"""DAVENPORT. FL""",DAVENPORT,FL,POLK,9043
33898,"""LAKE WALES. FL""",LAKE WALES,FL,POLK,16361
33901,"""FORT MYERS. FL""",FORT MYERS,FL,LEE,86395
33902,"""FORT MYERS. FL""",FORT MYERS,FL,LEE,86395
33904,"""CAPE CORAL. FL""",CAPE CORAL,FL,LEE,194016
33905,"""FORT MYERS. FL""",FORT MYERS,FL,LEE,86395
33906,"""FORT MYERS. FL""",FORT MYERS,FL,LEE,86395
33907,"""FORT MYERS. FL""",FORT MYERS,FL,LEE,86395
33908,"""FORT MYERS. FL""",FORT MYERS,FL,LEE,86395
33909,"""CAPE CORAL. FL""",CAPE CORAL,FL,LEE,194016
33910,"""CAPE CORAL. FL""",CAPE CORAL,FL,LEE,194016
33911,"""FORT MYERS. FL""",FORT MYERS,FL,LEE,86395
33912,"""FORT MYERS. FL""",FORT MYERS,FL,LEE,86395
33913,"""FORT MYERS. FL""",FORT MYERS,FL,LEE,86395
33914,"""CAPE CORAL. FL""",CAPE CORAL,FL,LEE,194016
33915,"""CAPE CORAL. FL""",CAPE CORAL,FL,LEE,194016
33916,"""FORT MYERS. FL""",FORT MYERS,FL,LEE,86395
33919,"""FORT MYERS. FL""",FORT MYERS,FL,LEE,86395
33935,"""LABELLE. FL""",LABELLE,FL,HENDRY,4966
33950,"""PUNTA GORDA. FL""",PUNTA GORDA,FL,CHARLOTTE,19471
33951,"""PUNTA GORDA. FL""",PUNTA GORDA,FL,CHARLOTTE,19471
33955,"""PUNTA GORDA. FL""",PUNTA GORDA,FL,CHARLOTTE,19471
33957,"""SANIBEL. FL""",SANIBEL,FL,LEE,6382
33965,"""FORT MYERS. FL""",FORT MYERS,FL,LEE,86395
33966,"""FORT MYERS. FL""",FORT MYERS,FL,LEE,86395
33967,"""FORT MYERS. FL""",FORT MYERS,FL,LEE,86395
33975,"""LABELLE. FL""",LABELLE,FL,HENDRY,4966
33980,"""PUNTA GORDA. FL""",PUNTA GORDA,FL,CHARLOTTE,19471
33982,"""PUNTA GORDA. FL""",PUNTA GORDA,FL,CHARLOTTE,19471
33983,"""PUNTA GORDA. FL""",PUNTA GORDA,FL,CHARLOTTE,19471
33990,"""CAPE CORAL. FL""",CAPE CORAL,FL,LEE,194016
33991,"""CAPE CORAL. FL""",CAPE CORAL,FL,LEE,194016
33993,"""CAPE CORAL. FL""",CAPE CORAL,FL,LEE,194016
33994,"""FORT MYERS. FL""",FORT MYERS,FL,LEE,86395
34101,"""NAPLES. FL""",NAPLES,FL,COLLIER,19115
34102,"""NAPLES. FL""",NAPLES,FL,COLLIER,19115
34103,"""NAPLES. FL""",NAPLES,FL,COLLIER,19115
34104,"""NAPLES. FL""",NAPLES,FL,COLLIER,19115
34105,"""NAPLES. FL""",NAPLES,FL,COLLIER,19115
34106,"""NAPLES. FL""",NAPLES,FL,COLLIER,19115
34107,"""NAPLES. FL""",NAPLES,FL,COLLIER,19115
34108,"""NAPLES. FL""",NAPLES,FL,COLLIER,19115
34109,"""NAPLES. FL""",NAPLES,FL,COLLIER,19115
34110,"""NAPLES. FL""",NAPLES,FL,COLLIER,19115
34112,"""NAPLES. FL""",NAPLES,FL,COLLIER,19115
34113,"""NAPLES. FL""",NAPLES,FL,COLLIER,19115
34114,"""NAPLES. FL""",NAPLES,FL,COLLIER,19115
34116,"""NAPLES. FL""",NAPLES,FL,COLLIER,19115
34117,"""NAPLES. FL""",NAPLES,FL,COLLIER,19115
34119,"""NAPLES. FL""",NAPLES,FL,COLLIER,19115
34120,"""NAPLES. FL""",NAPLES,FL,COLLIER,19115
34133,"""BONITA SPRINGS. FL""",BONITA SPRINGS,FL,LEE,53644
34134,"""BONITA SPRINGS. FL""",BONITA SPRINGS,FL,LEE,53644
34135,"""BONITA SPRINGS. FL""",BONITA SPRINGS,FL,LEE,53644
34136,"""BONITA SPRINGS. FL""",BONITA SPRINGS,FL,LEE,53644
34145,"""MARCO ISLAND. FL""",MARCO ISLAND,FL,COLLIER,15760
34146,"""MARCO ISLAND. FL""",MARCO ISLAND,FL,COLLIER,15760
34201,"""BRADENTON. FL""",BRADENTON,FL,MANATEE,55698
34202,"""BRADENTON. FL""",BRADENTON,FL,MANATEE,55698
34203,"""BRADENTON. FL""",BRADENTON,FL,MANATEE,55698
34204,"""BRADENTON. FL""",BRADENTON,FL,MANATEE,55698
34205,"""BRADENTON. FL""",BRADENTON,FL,MANATEE,55698
34206,"""BRADENTON. FL""",BRADENTON,FL,MANATEE,55698
34207,"""BRADENTON. FL""",BRADENTON,FL,MANATEE,55698
34208,"""BRADENTON. FL""",BRADENTON,FL,MANATEE,55698
34209,"""BRADENTON. FL""",BRADENTON,FL,MANATEE,55698
34210,"""BRADENTON. FL""",BRADENTON,FL,MANATEE,55698
34211,"""BRADENTON. FL""",BRADENTON,FL,MANATEE,55698
34212,"""BRADENTON. FL""",BRADENTON,FL,MANATEE,55698
34216,"""ANNA MARIA. FL""",ANNA MARIA,FL,MANATEE,968
34217,"""BRADENTON BEACH. FL""",BRADENTON BEACH,FL,MANATEE,908
34218,"""HOLMES BEACH. FL""",HOLMES BEACH,FL,MANATEE,3010
34220,"""PALMETTO. FL""",PALMETTO,FL,MANATEE,13323
34221,"""PALMETTO. FL""",PALMETTO,FL,MANATEE,13323
34230,"""SARASOTA. FL""",SARASOTA,FL,SARASOTA,54842
34231,"""SARASOTA. FL""",SARASOTA,FL,SARASOTA,54842
34232,"""SARASOTA. FL""",SARASOTA,FL,SARASOTA,54842
34233,"""SARASOTA. FL""",SARASOTA,FL,SARASOTA,54842
34234,"""SARASOTA. FL""",SARASOTA,FL,SARASOTA,54842
34235,"""SARASOTA. FL""",SARASOTA,FL,SARASOTA,54842
34236,"""SARASOTA. FL""",SARASOTA,FL,SARASOTA,54842
34237,"""SARASOTA. FL""",SARASOTA,FL,SARASOTA,54842
34238,"""SARASOTA. FL""",SARASOTA,FL,SARASOTA,54842
34239,"""SARASOTA. FL""",SARASOTA,FL,SARASOTA,54842
34240,"""SARASOTA. FL""",SARASOTA,FL,SARASOTA,54842
34241,"""SARASOTA. FL""",SARASOTA,FL,SARASOTA,54842
34242,"""SARASOTA. FL""",SARASOTA,FL,SARASOTA,54842
34243,"""SARASOTA. FL""",SARASOTA,FL,MANATEE,54842
34265,"""ARCADIA. FL""",ARCADIA,FL,DE SOTO,7420
34266,"""ARCADIA. FL""",ARCADIA,FL,DE SOTO,7420
34269,"""ARCADIA. FL""",ARCADIA,FL,DE SOTO,7420
34276,"""SARASOTA. FL""",SARASOTA,FL,SARASOTA,54842
34277,"""SARASOTA. FL""",SARASOTA,FL,SARASOTA,54842
34278,"""SARASOTA. FL""",SARASOTA,FL,SARASOTA,54842
34280,"""BRADENTON. FL""",BRADENTON,FL,MANATEE,55698
34282,"""BRADENTON. FL""",BRADENTON,FL,MANATEE,55698
34284,"""VENICE. FL""",VENICE,FL,SARASOTA,25463
34285,"""VENICE. FL""",VENICE,FL,SARASOTA,25463
34286,"""NORTH PORT. FL""",NORTH PORT,FL,SARASOTA,74793
34287,"""NORTH PORT. FL""",NORTH PORT,FL,SARASOTA,74793
34288,"""NORTH PORT. FL""",NORTH PORT,FL,SARASOTA,74793
34289,"""NORTH PORT. FL""",NORTH PORT,FL,SARASOTA,74793
34290,"""NORTH PORT. FL""",NORTH PORT,FL,SARASOTA,74793
34291,"""NORTH PORT. FL""",NORTH PORT,FL,SARASOTA,74793
34292,"""VENICE. FL""",VENICE,FL,SARASOTA,25463
34293,"""VENICE. FL""",VENICE,FL,SARASOTA,25463
34420,"""BELLEVIEW. FL""",BELLEVIEW,FL,MARION,5413
34421,"""BELLEVIEW. FL""",BELLEVIEW,FL,MARION,5413
34423,"""CRYSTAL RIVER. FL""",CRYSTAL RIVER,FL,CITRUS,3396
34428,"""CRYSTAL RIVER. FL""",CRYSTAL RIVER,FL,CITRUS,3396
34429,"""CRYSTAL RIVER. FL""",CRYSTAL RIVER,FL,CITRUS,3396
34430,"""DUNNELLON. FL""",DUNNELLON,FL,MARION,1928
34431,"""DUNNELLON. FL""",DUNNELLON,FL,MARION,1928
34432,"""DUNNELLON. FL""",DUNNELLON,FL,MARION,1928
34433,"""DUNNELLON. FL""",DUNNELLON,FL,CITRUS,1928
34434,"""DUNNELLON. FL""",DUNNELLON,FL,CITRUS,1928
34450,"""INVERNESS. FL""",INVERNESS,FL,CITRUS,7543
34451,"""INVERNESS. FL""",INVERNESS,FL,CITRUS,7543
34452,"""INVERNESS. FL""",INVERNESS,FL,CITRUS,7543
34453,"""INVERNESS. FL""",INVERNESS,FL,CITRUS,7543
34470,"""OCALA. FL""",OCALA,FL,MARION,63591
34471,"""OCALA. FL""",OCALA,FL,MARION,63591
34472,"""OCALA. FL""",OCALA,FL,MARION,63591
34473,"""OCALA. FL""",OCALA,FL,MARION,63591
34474,"""OCALA. FL""",OCALA,FL,MARION,63591
34475,"""OCALA. FL""",OCALA,FL,MARION,63591
34476,"""OCALA. FL""",OCALA,FL,MARION,63591
34477,"""OCALA. FL""",OCALA,FL,MARION,63591
34478,"""OCALA. FL""",OCALA,FL,MARION,63591
34479,"""OCALA. FL""",OCALA,FL,MARION,63591
34480,"""OCALA. FL""",OCALA,FL,MARION,63591
34481,"""OCALA. FL""",OCALA,FL,MARION,63591
34482,"""OCALA. FL""",OCALA,FL,MARION,63591
34483,"""OCALA. FL""",OCALA,FL,MARION,63591
34601,"""BROOKSVILLE. FL""",BROOKSVILLE,FL,HERNANDO,8890
34602,"""BROOKSVILLE. FL""",BROOKSVILLE,FL,HERNANDO,8890
34603,"""BROOKSVILLE. FL""",BROOKSVILLE,FL,HERNANDO,8890
34604,"""BROOKSVILLE. FL""",BROOKSVILLE,FL,HERNANDO,8890
34605,"""BROOKSVILLE. FL""",BROOKSVILLE,FL,HERNANDO,8890
34613,"""BROOKSVILLE. FL""",BROOKSVILLE,FL,HERNANDO,8890
34614,"""BROOKSVILLE. FL""",BROOKSVILLE,FL,HERNANDO,8890
34652,"""NEW PORT RICHEY. FL""",NEW PORT RICHEY,FL,PASCO,16728
34653,"""NEW PORT RICHEY. FL""",NEW PORT RICHEY,FL,PASCO,16728
34654,"""NEW PORT RICHEY. FL""",NEW PORT RICHEY,FL,PASCO,16728
34655,"""NEW PORT RICHEY. FL""",NEW PORT RICHEY,FL,PASCO,16728
34656,"""NEW PORT RICHEY. FL""",NEW PORT RICHEY,FL,PASCO,16728
34668,"""PORT RICHEY. FL""",PORT RICHEY,FL,PASCO,3052
34673,"""PORT RICHEY. FL""",PORT RICHEY,FL,PASCO,3052
34677,"""OLDSMAR. FL""",OLDSMAR,FL,PINELLAS,14898
34688,"""TARPON SPRINGS. FL""",TARPON SPRINGS,FL,PINELLAS,25117
34689,"""TARPON SPRINGS. FL""",TARPON SPRINGS,FL,PINELLAS,25117
34695,"""SAFETY HARBOR. FL""",SAFETY HARBOR,FL,PINELLAS,17072
34697,"""DUNEDIN. FL""",DUNEDIN,FL,PINELLAS,36068
34698,"""DUNEDIN. FL""",DUNEDIN,FL,PINELLAS,36068
34711,"""CLERMONT. FL""",CLERMONT,FL,LAKE,43021
34712,"""CLERMONT. FL""",CLERMONT,FL,LAKE,43021
34713,"""CLERMONT. FL""",CLERMONT,FL,LAKE,43021
34714,"""CLERMONT. FL""",CLERMONT,FL,LAKE,43021
34715,"""CLERMONT. FL""",CLERMONT,FL,LAKE,43021
34731,"""FRUITLAND PARK. FL""",FRUITLAND PARK,FL,LAKE,8325
34736,"""GROVELAND. FL""",GROVELAND,FL,LAKE,18505
34741,"""KISSIMMEE. FL""",KISSIMMEE,FL,OSCEOLA,79226
34742,"""KISSIMMEE. FL""",KISSIMMEE,FL,OSCEOLA,79226
34743,"""KISSIMMEE. FL""",KISSIMMEE,FL,OSCEOLA,79226
34744,"""KISSIMMEE. FL""",KISSIMMEE,FL,OSCEOLA,79226
34745,"""KISSIMMEE. FL""",KISSIMMEE,FL,OSCEOLA,79226
34746,"""KISSIMMEE. FL""",KISSIMMEE,FL,OSCEOLA,79226
34747,"""KISSIMMEE. FL""",KISSIMMEE,FL,OSCEOLA,79226
34748,"""LEESBURG. FL""",LEESBURG,FL,LAKE,27000
34749,"""LEESBURG. FL""",LEESBURG,FL,LAKE,27000
34753,"""MASCOTTE. FL""",MASCOTTE,FL,LAKE,6609
34755,"""MINNEOLA. FL""",MINNEOLA,FL,LAKE,13843
34758,"""KISSIMMEE. FL""",KISSIMMEE,FL,OSCEOLA,79226
34759,"""KISSIMMEE. FL""",KISSIMMEE,FL,POLK,79226
34761,"""OCOEE. FL""",OCOEE,FL,ORANGE,47295
34777,"""WINTER GARDEN. FL""",WINTER GARDEN,FL,ORANGE,46964
34778,"""WINTER GARDEN. FL""",WINTER GARDEN,FL,ORANGE,46964
34785,"""WILDWOOD. FL""",WILDWOOD,FL,SUMTER,15730
34787,"""WINTER GARDEN. FL""",WINTER GARDEN,FL,ORANGE,46964
34788,"""LEESBURG. FL""",LEESBURG,FL,LAKE,27000
34789,"""LEESBURG. FL""",LEESBURG,FL,LAKE,27000
34945,"""FORT PIERCE. FL""",FORT PIERCE,FL,SAINT LUCIE,47297
34946,"""FORT PIERCE. FL""",FORT PIERCE,FL,SAINT LUCIE,47297
34947,"""FORT PIERCE. FL""",FORT PIERCE,FL,SAINT LUCIE,47297
34948,"""FORT PIERCE. FL""",FORT PIERCE,FL,SAINT LUCIE,47297
34949,"""FORT PIERCE. FL""",FORT PIERCE,FL,SAINT LUCIE,47297
34950,"""FORT PIERCE. FL""",FORT PIERCE,FL,SAINT LUCIE,47297
34951,"""FORT PIERCE. FL""",FORT PIERCE,FL,SAINT LUCIE,47297
34954,"""FORT PIERCE. FL""",FORT PIERCE,FL,SAINT LUCIE,47297
34972,"""OKEECHOBEE. FL""",OKEECHOBEE,FL,OKEECHOBEE,5254
34973,"""OKEECHOBEE. FL""",OKEECHOBEE,FL,OKEECHOBEE,5254
34974,"""OKEECHOBEE. FL""",OKEECHOBEE,FL,OKEECHOBEE,5254
34979,"""FORT PIERCE. FL""",FORT PIERCE,FL,SAINT LUCIE,47297
34981,"""FORT PIERCE. FL""",FORT PIERCE,FL,SAINT LUCIE,47297
34982,"""FORT PIERCE. FL""",FORT PIERCE,FL,SAINT LUCIE,47297
34994,"""STUART. FL""",STUART,FL,MARTIN,17425
34995,"""STUART. FL""",STUART,FL,MARTIN,17425
34996,"""STUART. FL""",STUART,FL,MARTIN,17425
34997,"""STUART. FL""",STUART,FL,MARTIN,17425
